Creature/Object,Description
Peregrine Falcon,"Sleek pointed wings, Streamlined body long tail, Built for speed"
Cheetah,"Low-slung body slender limbs, Muscular shoulders flexible spine, Designed for rapid sprinting"
Sailfish,"Torpedo-shaped body pointed bill, Muscular forked tail fin, Swift swimmer in ocean currents"
Formula One Car,"Low profile wide body curved design, Aerodynamic features engineered for high-speed racing"
Greyhound,"Lean slender build deep chest, Long legs streamlined head, Bred for swift running"
Swallowtail Butterfly,"Triangular wings elongated tips, Slim body delicate flight, Fluttering gracefully"
Airplane,"Fuselage tapered shape, Swept-back wings high-speed travel, Soaring through the skies"
Black Marlin,"Streamlined body pointed snout, Muscular rigid dorsal fin, Swift swimmer in open seas"
Cigar Shark,"Cylindrical body blunt snout, Smooth skin powerful tail, Agile predator underwater"
Lamborghini Aventador,"Low wide body angular design, Aerodynamic profile engineered for rapid acceleration"
Grey-headed Albatross,"Large wingspan slender wings, Bulbous body short tail, Swift glider over oceans"
Kingfisher,"Compact body large head sharp bill, Rapid diving quick flight, Over water"
Space Shuttle,"Broad wings delta shape, Bulbous fuselage rocketing into space, At incredible speeds"
Black Mamba Snake,"Sleek cylindrical body smooth scales, Agile movements striking with lightning speed"
Swordfish,"Long body pointed snout tall dorsal fin, Powerful tail swift swimmer in deep seas"
Falcon Rocket,"Tall body conical nose cone, Broad wings stabilizing fins, Propelling into outer space"
Gazelle,"Graceful build slender legs, Curved horns agile runner, Swift escape from predators"
Motorcycle,"Low-slung design streamlined profile, Rapid acceleration zipping along roads, With speed"
Peregrine Falcon Feather,"Narrow tapered shape lightweight, Aerodynamic facilitating swift flight"
Speedboat,"Sleek hull powerful engines, Hydrodynamic design skimming across water surfaces, With speed"
Electric Train,"Sleek design electric-powered, Rapid acceleration smooth travel along tracks"
Swift Fox,"Compact body long legs bushy tail, Agile runner swift movements, In grasslands"
Bullet Ant,"Sleek body powerful mandibles, Rapid movements agile predator, In forest floors"
Arrowhead Spider,"Compact body long legs swift strikes, Ambush predator quick movements, In webs"
Bulletproof Vest,"Rigid design lightweight material, Swift protection against ballistic threats"
Blue Marlin,"Sleek body pointed bill, Swift swimmer agile predator, In deep ocean waters"
Jet Fighter,"Sleek fuselage swept-back wings, Supersonic speed rapid maneuvers, In aerial combat"
Sonic Boom,"Shockwave rapid compression of air, Resulting from supersonic speed breaking the sound barrier"
Swift Swallow,"Forked tail slender body rapid flight, Catching insects mid-air with agility"
Speed of Light,"Ultimate speed limit constant in vacuum, Fastest known phenomenon in the universe"
Swift River,"Free-flowing water rapid currents, Cascading over rocks with speed"
Ferrari Enzo,"Low-slung design aerodynamic curves, High-speed performance Italian sports car excellence"
Swiftlet,"Small bird swift flight, Nesting in caves with speed and agility"
Swiftlet Nest,"Edible bird's nest built by swiftlets, Harvested for its nutritional value"
F-22 Raptor,"Sleek design supersonic speed, Advanced stealth features dominating the skies, In combat"
Swiftcurrent Lake,"Glacial lake rapid flow, Crystal-clear waters surrounded by scenic beauty"
Rapid River,"Rushing water turbulent currents, Carving through landscapes with speed"
Swift Parrot,"Colorful bird swift flight, Migrating long distances with speed"
Mach Speed,"Hypersonic velocity surpassing the speed of sound, Incredible acceleration"
Swiftlet Conservation,"Preservation efforts protecting habitats for swiftlets, Ensuring their survival"
Swift Justice,"Quick legal proceedings prompt resolution of cases, Efficient judicial system"
Swift Response,"Rapid reaction immediate action, Quick deployment in emergencies"
Swiftwater Rescue,"Specialized teams fast response, Saving lives in swift-flowing rivers"
Swift Currents,"Powerful streams rapid movement of water, Shaping landscapes over time"
